{
  "docker_c1": {
    "wall_time_s": 257.73420731700025,
    "trials": 89,
    "rewards": {
      "1.0": 2,
      "0.0": 0
    },
    "phases": {
      "environment_setup": [
        1.138664,
        1.132362,
        1.176402,
        1.033249,
        1.149569,
        1.145503,
        1.191079,
        1.060988,
        1.217042,
        1.112432,
        1.28524,
        1.123373,
        1.153913,
        1.090922,
        1.127389,
        1.110785,
        1.144505,
        1.14597,
        1.149638,
        1.117589,
        1.132362,
        1.114518,
        1.110583,
        1.152027,
        1.1012,
        1.111738,
        1.121777,
        1.201064,
        1.094473,
        1.14996,
        1.178064,
        1.118195,
        1.142688,
        1.114393,
        1.11605,
        1.114763,
        1.108145,
        1.113918,
        1.123531,
        1.092665,
        1.13172,
        1.13711,
        1.094582,
        1.076345,
        1.092317,
        1.133461,
        1.117634,
        1.122651,
        1.137221,
        1.075411,
        1.108481,
        1.160228,
        1.135043,
        1.103538,
        1.123663,
        1.131299,
        1.134638,
        1.189417,
        1.108671,
        1.142014,
        1.080804,
        1.109043,
        1.162093,
        1.096647,
        1.068049,
        1.138895,
        1.082832,
        1.26172,
        5.732888,
        1.092728,
        1.093452,
        1.142315,
        1.110577,
        1.14169,
        1.153924,
        1.136924,
        1.136229,
        1.091052,
        1.125254,
        1.112742,
        1.104146,
        1.137704,
        1.108056,
        1.131423,
        1.130442,
        1.190239,
        1.174307,
        1.109197,
        1.136355
      ],
      "agent_execution": [
        19.523501,
        0.582154
      ],
      "verifier": [
        11.139445,
        4.439037
      ]
    },
    "errors": 87
  },
  "nitrobox_c1": {
    "wall_time_s": 76.25076845096191,
    "trials": 89,
    "rewards": {
      "1.0": 0,
      "0.0": 0
    },
    "phases": {
      "environment_setup": [
        0.591719,
        0.621081,
        0.699206,
        0.645906,
        0.634542,
        0.654959,
        0.679128,
        0.644145,
        0.636979,
        0.672506,
        0.61298,
        0.648324,
        0.619309,
        0.659548,
        0.543836,
        0.634481,
        0.604025,
        0.647772,
        0.62576,
        0.639233,
        0.667288,
        0.654697,
        0.663415,
        0.608134,
        0.61794,
        0.616047,
        0.642084,
        0.606085,
        0.648229,
        0.633881,
        0.658567,
        0.64237,
        0.647097,
        0.631017,
        0.629348,
        0.653896,
        0.679593,
        0.610454,
        0.622519,
        0.628098,
        0.667143,
        0.646486,
        0.642024,
        0.665754,
        0.682405,
        0.655928,
        0.626847,
        0.630259,
        0.639799,
        0.643505,
        0.629197,
        0.674415,
        0.659405,
        0.62642,
        0.669514,
        0.652071,
        0.654325,
        0.613292,
        0.567536,
        0.637477,
        0.63083,
        0.690128,
        0.670834,
        0.67183,
        0.625097,
        0.685665,
        0.649606,
        0.637771,
        0.632763,
        0.646927,
        0.674792,
        0.632921,
        0.640915,
        0.641071,
        0.641213,
        0.540608,
        0.642524,
        0.682165,
        0.646232,
        0.641975,
        0.639643,
        0.63243,
        0.657888,
        0.657587,
        0.672023,
        0.620259,
        0.688331,
        0.6228,
        0.626184
      ],
      "agent_execution": [
        0.028981,
        0.029858,
        1.326104
      ],
      "verifier": [
        2.763173,
        5.69532,
        3.126043
      ]
    },
    "errors": 89
  },
  "docker_c4": {
    "wall_time_s": 124.54579846304841,
    "trials": 89,
    "rewards": {
      "1.0": 2,
      "0.0": 0
    },
    "phases": {
      "environment_setup": [
        1.094353,
        1.087493,
        1.079968,
        1.101721,
        1.067037,
        1.091707,
        1.108722,
        1.113326,
        1.106616,
        1.068794,
        1.181882,
        1.085111,
        1.06904,
        1.160323,
        1.0975,
        1.090041,
        1.095874,
        1.102927,
        1.037821,
        1.118612,
        1.112744,
        1.168875,
        1.153035,
        1.084465,
        1.06029,
        1.083042,
        1.124405,
        1.084431,
        1.122006,
        1.07809,
        1.117129,
        1.109672,
        1.049312,
        1.098235,
        1.095888,
        1.098323,
        1.090067,
        1.079916,
        1.065762,
        1.032413,
        1.087069,
        1.091749,
        1.027232,
        1.146879,
        1.104091,
        1.111441,
        1.0611,
        1.080411,
        1.076495,
        1.088191,
        1.009096,
        1.097726,
        1.120122,
        1.118467,
        1.048627,
        1.076806,
        1.220373,
        1.108098,
        1.09001,
        1.117709,
        1.102427,
        1.12868,
        1.052247,
        1.075201,
        1.106831,
        1.087338,
        1.075166,
        1.083532,
        1.094944,
        1.078654,
        1.07298,
        1.062022,
        5.174846,
        1.127327,
        1.070112,
        1.07685,
        1.200333,
        1.046024,
        1.139668,
        1.17449,
        1.128288,
        1.152185,
        4.4178,
        1.094436,
        1.112793,
        1.088733,
        1.047481,
        1.072234,
        1.221929
      ],
      "agent_execution": [
        0.349625,
        0.437647
      ],
      "verifier": [
        51.855718,
        4.530648
      ]
    },
    "errors": 87
  },
  "nitrobox_c4": {
    "wall_time_s": 23.44614106102381,
    "trials": 89,
    "rewards": {
      "1.0": 0,
      "0.0": 0
    },
    "phases": {
      "environment_setup": [
        0.666088,
        0.693847,
        0.639326,
        0.614125,
        0.635085,
        0.626322,
        0.636924,
        0.664719,
        0.621974,
        0.609685,
        0.646373,
        0.636554,
        0.674157,
        0.628726,
        0.64102,
        0.634355,
        0.647958,
        0.684826,
        0.656803,
        0.651331,
        0.631271,
        0.576624,
        0.620898,
        0.636099,
        0.646173,
        0.649245,
        0.640284,
        0.651686,
        0.697044,
        0.635967,
        0.643155,
        0.636532,
        0.661775,
        0.582344,
        0.631183,
        0.644463,
        0.62729,
        0.652589,
        0.648436,
        0.678654,
        0.616291,
        0.687098,
        0.699573,
        0.613553,
        0.645336,
        0.620592,
        0.620268,
        0.634579,
        0.642103,
        0.631388,
        0.652779,
        0.636881,
        0.625079,
        0.644735,
        0.627113,
        0.729779,
        0.716259,
        0.599356,
        0.684452,
        0.639424,
        0.63456,
        0.644609,
        0.682569,
        0.648548,
        0.635922,
        0.638445,
        0.632774,
        0.657349,
        0.630074,
        0.638661,
        0.646815,
        0.631362,
        0.651828,
        0.666166,
        0.626078,
        0.635698,
        0.683273,
        0.58041,
        0.622986,
        0.646692,
        0.634415,
        0.725448,
        0.615841,
        0.66391,
        0.648129,
        0.700926,
        0.640264,
        0.676966,
        0.649042
      ],
      "agent_execution": [
        0.028138,
        0.032216,
        1.349298
      ],
      "verifier": [
        2.997641,
        4.265408,
        3.488884
      ]
    },
    "errors": 89
  },
  "docker_c8": {
    "wall_time_s": 44.384497557999566,
    "trials": 89,
    "rewards": {
      "1.0": 0,
      "0.0": 0
    },